2000000000;;TAKEOFF COIL SPRING;;2000000000
2000000001;;TAKEOFF LEAF SPRING;;2000000001
2000000002;;TAKEOFF FR SHOCK ABSORBER;;2000000002
2000000003;;TAKEOFF RR SHOCK ABSORBER;;2000000003
2000000004;;TAKEOFF SHACKLE;;2000000004
2000000005;;TAKEOFF BUSHING KIT;;2000000005
2000000006;;TAKEOFF U BOLT;;2000000006
2000000007;;TAKEOFF 1 SEATER SINGLE SEAT;;2000000007
2000000008;;TAKEOFF 3 SEATER BENCH;;2000000008
2000000009;;TAKEOFF FLOOR CARPET;;2000000009
2000000010;;TAKEOFF OEM TIRE;;2000000010
2000000011;;TAKEOFF OEM RIM;;2000000011
2000000012;;TAKEOFF FRONT BUMPER;;2000000012
2000000013;;TAKEOFF REAR BUMPER;;2000000013
2000000014;;TAKEOFF CARGOBED;;2000000014
1000000000;530;Separ Filter Element SWK;;1000000000
1000000001;101000000000a;Winch Warn VR EVO 8 12VDC 3600;;1000000001
1000000002;101000000000b;Winch Electric;;1000000002
1000000003;101000000000c;WINCH WARN EVO 10 SYN 12V 4500;;1000000003
1000000004;101000000000d;Warn VR EVO 12-S 12VDC 5.4T;;1000000004
1000000005;110049;LIFE HAMMER CUT GLOW;;1000000005
1000000006;12557;Hiace High Roof - ladder ALU;;1000000006
1000000007;12558;Hiace High Roof roofrack steel;;1000000007
1000000008;341001001;Battery Switch Bosch;;1000000008
1000000009;5050499171;Accutrend plus meter;;1000000009
1000000010;510003;Steering lock - Turbolock;;1000000010
1000000011;06-270-01;Cross Key 17/19/21/22;;1000000011
1000000012;100264890;Cabinet,2 drawers with storage;;1000000012
1000000013;100340060;CAISSON PROMEBA PB420-2;;1000000013
1000000014;103252;WINCH WARN EVO 10 12V 4500;;1000000014
1000000015;10TF0000;Take Off Miscellaneous;;1000000015
1000000016;10TF0092;Daytime Relay 12V 15A A-Start;;1000000016
1000000017;11-1300-02;ISO cable 4SP. Toyota;;1000000017
1000000018;11-1501-45;Ant Adapt Toyota;;1000000018
1000000019;11200;Pulse Oximet.w/adult sen;;1000000019
1000000020;1159000;Life Hammer;;1000000020
1000000021;12214F;PISTON REDUCER W/FLOWMETER;;1000000021
1000000022;12215PIN;Reducer wt flowmetr. PIN index;;1000000022
1000000023;1310788;SWITCH LIGHT LC78 WINPARTS;;1000000023
1000000024;1345;Empty emergency bag;;1000000024
1000000025;1382;Disposable, Stretcher Sheet;;1000000025
1000000026;13942;Winch Bracket Universal;;1000000026
1000000027;1470/F;5 LT. Oxygen Bottle with Frenc;;1000000027
1000000028;1475/F;7 LT. Oxygen Bottle with Frenc;;1000000028
1000000029;1478/F;BOTTLE FOR OXYGEN - 10 LT;;1000000029
1000000030;15032F;Oxgen Bottle 2.0L empty;;1000000030
1000000031;1661173;Traffic, Cone incl. LED;;1000000031
1000000032;170114;ARB PART#  Diflock;;1000000032
1000000033;1740;Round Aneroid Sphygmanometer;;1000000033
1000000034;1770;Rescue Blanket;;1000000034
1000000035;1770010;BASE Rack 1835 x 1155mm;;1000000035
1000000036;1770020;BASE Rack 1545 x 1285mm;;1000000036
1000000037;17912010;BASE RACK MOUNT, DEFLECTOR;;1000000037
1000000038;17921080;BASE RACK MOUNT, INC DEFLECTOR;;1000000038
1000000039;190-5002280;Accelerator adapter cable;;1000000039
1000000040;190-5003001;Cruise control interrupter;;1000000040
1000000041;1-92-065;Tool box basic;;1000000041
1000000042;1H5 998 502-051;Searchlight, working light;;1000000042
1000000043;20122235;Meshguard /Dogguard Toy 76;;1000000043
1000000044;20122237;Protection, Grid HZJ79 #;;1000000044
1000000045;201411103;Trailer Net 350x180CM Black;;1000000045
1000000046;2051534;UNIVERSAL CAR COVER SIZE 45;;1000000046
1000000047;20FT;20 FT CTR;;1000000047
1000000048;215850T;Towing Bar GDW Hilux MY16;;1000000048
1000000049;2198306;TYRE PUMP MINI W/ MANOMETER;;1000000049
1000000050;2328580;RUB FLOOR MATS LC-PRADO-HILUX;;1000000050
1000000051;2333-5786-1-6;RIVAL SKID TRANSFER LC76-78-79;;1000000051
1000000052;2333-5787-1-6;RIVAL SKID GEAR BOX LC76-78-79;;1000000052
1000000053;2333-5788-1-6;RIVAL SKID FUEL TANK LC76-78;;1000000053
1000000054;2333-9552-1-6;GEARBOX SKID PLATE LC300;;1000000054
1000000055;2333-9553-1-6;TRANSFER SKID PLATE LC300;;1000000055
1000000056;2333-9554-1-6;TANK SKID PLATE LC300;;1000000056
1000000057;2333-9559-1-6;ENGINE SKID PLATE LC300;;1000000057
1000000058;2333-9561-1-6;FR BUMPER SKID PLATE LC300;;1000000058
1000000059;243.31;ROCKALU PLATE ENGINE;;1000000059
1000000060;243.311;ROCKALU PLATE TRANSM. & TRANSF;;1000000060
1000000061;243.312;ROCKALU PLATE FUEL;;1000000061
1000000062;248-17-593;INSPECTION MIRROR;;1000000062
1000000063;27300022;Stand for Mul-t-lock;;1000000063
1000000064;2812060;RECOVERY POINT,8T RATED ,LEFT;;1000000064
1000000065;2812070;RECOVERY POINT,8T RATED, RIGHT;;1000000065
1000000066;2856;FR COIL SPRING LC79;;1000000066
1000000067;2859;Coil spring, FR H.D. set of 2;;1000000067
1000000068;2884;FR COIL SPRING HILUX;;1000000068
1000000069;2AB 004 532-021;Doctors, reader lamp 12V;;1000000069
1000000070;314015;FR & RR CAMERA;;1000000070
1000000071;3414760;Winchbumper Summit Hilux;;1000000071
1000000072;3421896;ARB Bull bar Prado 250;;1000000072
1000000073;3585;Pintle hook Nato Hitch w. ball;;1000000073
1000000074;35N12AT35-MY20-;KIT AT35 STD HILUX 2020-;;1000000074
1000000075;371179;Tie Down, Strap/Hook 1 M/25mm;;1000000075
1000000076;371250;Tie Down, Strap/Hook 6M/25mm;;1000000076
1000000077;379554;LT235/85-16 BFGOODRICH AT KO3;;1000000077
1000000078;40200;Offroad, Trailer desert;;1000000078
1000000079;40FTHC;40FT HC CR;;1000000079
1000000080;40TF0030;Spare Wheel Carrier;;1000000080
1000000081;410134;BULB SET + FUSE;;1000000081
1000000082;426PW;BAT 12V 65Ah 242*175*190 B13;;1000000082
1000000083;4421170;SUMMIT STEP SECTION LC250;;1000000083
1000000084;4421180B;SUMMIT FRONT RAIL BLACK LC250;;1000000084
1000000085;4421190B;SUMMIT RETURN BLACK LC250;;1000000085
1000000086;48000876;FR BUMPER W/ FOG LIGHTS LC70;;1000000086
1000000087;48001053;WINCHBUMPER LC70 W/ BARS;;1000000087
1000000088;48001425;SKID PLATE ENGINE CARTER LC70;;1000000088
1000000089;48001426;SKID PLATE FR DIFF LC70;;1000000089
1000000090;48001427;SKID PLATE TRANSF LC70;;1000000090
1000000091;48001429;SKID PLATE RR DIFF & FUEL LC70;;1000000091
1000000092;48001476;Rear Bumper W/ double support;;1000000092
1000000093;48001508;RR BUMPER W/ HITCH BALL LC70;;1000000093
1000000094;48001515;Winch, Mount plate LC 7# Serie;;1000000094
1000000095;48001635;Rear bumper Toy. HZJ76 (protec;;1000000095
1000000096;48001813;Rear Bumper W/ wheel&jerrycan;;1000000096
1000000097;48002000;BULLBAR WRAPAROUND LC70;;1000000097
1000000098;48002037;Alluminium Cannopy - Rear Door;;1000000098
1000000099;48002053;AFN Black Roll Bar LC79;;1000000099
1000000100;48002098;Rear bumper Toyota HZJ78;;1000000100
1000000101;48002102;Bullbar Black Toyota Prado;;1000000101
1000000102;48002103;Rear bumper Prado VX;;1000000102
1000000103;48002105;REAR BUMPER AFN LC79SC/DC;;1000000103
1000000104;48002120;SKID PLATE TRANSF LC79 DC;;1000000104
1000000105;48002158;Rear Bumper, w/double pipe;;1000000105
1000000106;48002296;Rear bumper Hilux;;1000000106
1000000107;48002302;Side Steps Hilux DC;;1000000107
1000000108;48002307;Winch plate Hilux;;1000000108
1000000109;48002332;Bull bar Hilux Narrow version;;1000000109
1000000110;48002346;BULLBAR WINCH + TOW HOOK LC70;;1000000110
1000000111;48002358;WINDOW PROTECTION SET  LC76;;1000000111
1000000112;48002359;Front Window Protec. LC70;;1000000112
1000000113;48002371;Bullbar wraparound Hilux Revo;;1000000113
1000000114;48002408;Aluminum Work Box w tools part;;1000000114
1000000115;48002409;Aluminum Work Box w tools part;;1000000115
1000000116;48002423;People carrier - 10 people;;1000000116
1000000117;48002474;AFN RR BUMPER LC78;;1000000117
1000000118;48002477;Winchbumper Prado W/ Fog;;1000000118
1000000119;48002514;Bullbar with fog lights Jimny;;1000000119
1000000120;48002526;Bullbar Wraparound Black Prado;;1000000120
1000000121;48002620;Winchbumper LC70 (Steps+Bars);;1000000121
1000000122;48002659;Rear bar w/ wheel carr/TH;;1000000122
1000000123;48002662;SIDE STEPS LC70 (48002620);;1000000123
1000000124;48002663;SIDE NERF BARS LC70 (48002620);;1000000124
1000000125;48002666;REINFORCED BUMPER COASTER;;1000000125
1000000126;48002692;WINCHBUMPER COASTER;;1000000126
1000000127;48002787;Rear bumper Hilux Revo 2021;;1000000127
1000000128;48002790;AFN Winchbumper w/Fog Hil Wide;;1000000128
1000000129;48002791;Winchbumper with Fog Lights;;1000000129
1000000130;48002796;DROP SIDE LOAD TRAY LC79 SC;;1000000130
1000000131;48002799;Flat bed with drop sides;;1000000131
1000000132;48002801;Flat bed with drop sides;;1000000132
1000000133;48002813;Rear Bumper/wheel car/jerr/TH;;1000000133
1000000134;48002814;WINDOW PROTECTION SET LC79 SC;;1000000134
1000000135;48002816;WINDOW PROTECTION SET LC79 DC;;1000000135
1000000136;48002817;WINDOW PROTECTION SET HILUX SC;;1000000136
1000000137;48002838;WINDOW PROTECTION SET HILUX DC;;1000000137
1000000138;48002841;WINCHBUMPER LC79 (FOG);;1000000138
1000000139;48002856;Front bumper w/ bull bar LC300;;1000000139
1000000140;48002863;Towing Hook Adapter 48002787;;1000000140
1000000141;48002866;RR bump w/wheel/jerryca hold.;;1000000141
1000000142;48002871;Radiator skid plate LC300;;1000000142
1000000143;48002872;Sump guard skid plate LC300;;1000000143
1000000144;48002873;Gear box skid plate LC300;;1000000144
1000000145;48002877;RR BUMPER LC79 AFN (DROP SIDE);;1000000145
1000000146;48002884;LOW DROP SIDE LOAD TRAY LC79DC;;1000000146
1000000147;48002912;WINCHBUMPER AFN LC70 2024 +FOG;;1000000147
1000000148;48002915;Side steps;;1000000148
1000000149;48002918;Wraparound bar for LC70;;1000000149
1000000150;48002928;Bull bar W/O fog lights LC70;;1000000150
1000000151;48002959;WINCHBUMPER AFN LC70 2024 +FOG;;1000000151
1000000152;48002965;Bull bar w/ fog lights - LC250;;1000000152
1000000153;48002966;Side steps for nerf bar;;1000000153
1000000154;48002967;Side steps;;1000000154
1000000155;48002968;Winch mount;;1000000155
1000000156;48002969;Wraparound bar;;1000000156
1000000157;48002970;Radiator skip Plate;;1000000157
1000000158;48002971;Sump guard skip plate;;1000000158
1000000159;48002972;Gearbox skip plate;;1000000159
1000000160;48002973;Transfere box skip plate;;1000000160
1000000161;48002974;Wraparound bar + Winch mount;;1000000161
1000000162;48002977;Nerf bar;;1000000162
1000000163;48002981;Headlights protection;;1000000163
1000000164;48002985;Front bumper W/fog lights;;1000000164
1000000165;48002986;Bull Bar W/fog lights Hilux N;;1000000165
1000000166;48002995;Bull Bar W/fog lights L200;;1000000166
1000000167;48002999;Radiator skid plate - L200;;1000000167
1000000168;48003000;Sump guard skid plate - L200;;1000000168
1000000169;48003001;Gearbox skid plate - L200;;1000000169
1000000170;48003002;Transfere box skid plate L200;;1000000170
1000000171;48003011;Extra fenders for AFN bumper70;;1000000171
1000000172;4822317;FUSE SET MINI;;1000000172
1000000173;4822326;FUSE SET STD;;1000000173
1000000174;50062;FIRE EXTINGUISHER 9KGS POWDER;;1000000174
1000000175;50101;BOX EXTINGUISHER 9KG 50062;;1000000175
1000000176;51257003;MVP Shackle 58W (mul-t-lock);;1000000176
1000000177;515/10;Beacon Guard Steel;;1000000177
1000000178;515-10;Beacon Guard Steel;;1000000178
1000000179;515-DV-BL;AEB LED HIGH BEACON BLUE 3B;;1000000179
1000000180;515-DV-OR;AEB LED HIGH BEACON ORANGE 3B;;1000000180
1000000181;515-DV-RO;AEB LED HIGH BEACON RED 3B;;1000000181
1000000182;519-0-10-150;CUTTER 9MM;;1000000182
1000000183;519-1-51-174;HAMMER 400GR STANLEY;;1000000183
1000000184;519-1-92-066;STANLEY TOOL BOX;;1000000184
1000000185;519343;BUGGY WHIP W/ LED (4);;1000000185
1000000186;524-6332830;TYRE LEVER GEDORE No. 38 20;;1000000186
1000000187;530109;JERRYCAN 20L METAL GREEN;;1000000187
1000000188;530111;JERRYCAN 20L METAL HOLDER;;1000000188
1000000189;530130;JERRYCAN 20L METAL GREEN SPOUT;;1000000189
1000000190;5612499;Wheel Indicators Coaster;;1000000190
1000000191;5612521GL;WHEEL NUT INDICATOR LOW 21MM;;1000000191
1000000192;5612721GL;WHEEL NUT INDICATOR HIGH 21MM;;1000000192
1000000193;5612722GL;WHEEL NUT INDICATOR HIGH 22MM;;1000000193
1000000194;2333-5710-1-6;SKID PLATE ENGINE RIVAL HILUX;;1000000194
1000000195;2333-5711-1-6;SKID PLATE GEARBOX RIVAL HILUX;;1000000195
1000000196;5750380;MUD FLAP KIT ARB;;1000000196
1000000197;588-SBR-ST-04;Rubber mud flap 290X240X4MM;;1000000197
1000000198;60008;Absorber, shock Front LH/RH;;1000000198
1000000199;60010;Absorber, shock Rear LH/RH;;1000000199
1000000200;60011;Absorber, shock Rear LH/RH;;1000000200
1000000201;60065;Bottle retainer kit;;1000000201
1000000202;60109;Rear Nitrocharger sport shock;;1000000202
1000000203;622925;Wheelchocks;;1000000203
1000000204;6304005;Storage Cabinet along left sid;;1000000204
1000000205;6304016;Grab handle Rr door HZJ78 AMBU;;1000000205
1000000206;632202;Valeo Parking 8 Sensor FR&RR;;1000000206
1000000207;6340160020;ROOF RAILS PRADO BLACK;;1000000207
1000000208;6523077L;WINGS PROTECTION;;1000000208
1000000209;6523077R;WINGS PROTECTION;;1000000209
1000000210;679128;GLASS CLEANER 5L SUMMER;;1000000210
1000000211;6821151LSP;TURN SIGNAL L ARB BULLBAR LC79;;1000000211
1000000212;6821151RSP;TURN SIGNAL R ARB BULLBAR LC79;;1000000212
1000000213;6821287;LC70 ARB LAMP KIT LED SIGNALS;;1000000213
1000000214;6GL-42610-01;TOP COWLING ASSY;;1000000214
1000000215;7.50R16YOKO;Yokohama 7.50R16C;;1000000215
1000000216;700461;"Flagpole ""Exclusive""";;1000000216
1000000217;700560;"Car Flagpole  ""Exclusive"" Type";;1000000217
1000000218;7086B;CTR112 ALU 5 SPOKE SILVER;;1000000218
1000000219;70AAE;7x16 6x139.7 ET13 CTR110 Steel;;1000000219
1000000220;70DTP;Winch Tirefort;;1000000220
1000000221;70HS6;7.5 x 18 6x139.7 ET25 CTR106;;1000000221
1000000222;70TF0054;Driving School Set;;1000000222
1000000223;710027;Homelux Ladder 4 Steps 710027;;1000000223
1000000224;7204735041;Window 400 x 300mm;;1000000224
1000000225;763849;TYRE LEVER SET 33CM (3PCES);;1000000225
1000000226;769165;LIFE HAMMER CUT GLOW;;1000000226
1000000227;800458;Flagpole Magnetic SteelEx-Clas;;1000000227
1000000228;800460;Flagpole Magnetic;;1000000228
1000000229;800470;Flagpole Magnetic AluBasic-Cla;;1000000229
1000000230;800570;Flagpole Magnetic AluBasic-Mod;;1000000230
1000000231;800572;Magnet car flagpole AluBasic-S;;1000000231
1000000232;8200688714;Lashing points 4pcs/vehicle;;1000000232
1000000233;850000000000;Emergency Tool USB;;1000000233
1000000234;8-7100-F;Electronic Speaker;;1000000234
1000000235;8-8122-2;SIREN US 5 TONES (W PA+MIC);;1000000235
1000000236;881-9837153;YELLOW TAPE 3M SCOTCHLITE 5CM;;1000000236
1000000237;896-187A-18CPE;COMBINATION PLIERS 18CM FACOM;;1000000237
1000000238;896-AT-J8PB;SET SCREWDRIVERS (8) FACOM;;1000000238
1000000239;903-4001000144;RING WRENCH 10MM;;1000000239
1000000240;903-4001000158;RING WRENCH 12MM;;1000000240
1000000241;903-4001000165;RING WRENCH 13M;;1000000241
1000000242;903-4001000172;RING WRENCH 14MM;;1000000242
1000000243;903-4001000193;RING WRENCH 17MM;;1000000243
1000000244;903-4015000428;HEX KEY L-WRENCH SET 1.5-10MM;;1000000244
1000000245;903-4016000032;SCREWDRIVERS SET;;1000000245
1000000246;903-4037000342;STRAIGHT PLIERS 200MM;;1000000246
1000000247;903-4037000423;COMBO PLIERS 180MM;;1000000247
1000000248;903-4037000477;PLIERS POWER SIDE CUTTER 160MM;;1000000248
1000000249;903-4059000138;HAMMER STEEL 200GR;;1000000249
1000000250;903-4065000034;TIE DOWN STRAP 5M 25MM 1,5T;;1000000250
1000000251;910A/W;Automatic, Loading Stretcher;;1000000251
1000000252;91482930;SOLAR LIGHT W/ DYNAMO;;1000000252
1000000253;92064611;Fire Extinguisher 6 KG;;1000000253
1000000254;936;Infuus Haak;;1000000254
1000000255;950/3;FIX. SYST. STRETCH. H148MM 638;;1000000255
1000000256;950/4;FIX. SYST. STRETCH. H129MM 638;;1000000256
1000000257;2333-9505-1-6;SKID PLATE TANK RIVAL HILUX;;1000000257
1000000258;2333-9525-1-6;SKID PLATE TRANSF RIVAL HILUX;;1000000258
1000000259;962-600;Tire Lever 962 600 (per unit);;1000000259
1000000260;964;FR BLOCK SYST. STRETCH. 638;;1000000260
1000000261;967066;Metalen kist;;1000000261
1000000262;986.334.001;Reverse, buzzer;;1000000262
1000000263;986-334-001;Reverse, buzzer;;1000000263
1000000264;A0857;Safety Yellow Vest Universal;;1000000264
1000000265;A110;Ballistic Blanket HZJ79PU SC;;1000000265
1000000266;A160;Ballistic Blanket VDJ200;;1000000266
1000000267;A-1770080-20;Rack LC300 1545 x 1445;;1000000267
1000000268;A-1770100-10;Rack LC300 2125 x 1445;;1000000268
1000000269;A2061;Maxxtrac, Steel rim 8x17;;1000000269
1000000270;A2080;Cargo, net 700 x 900 mm;;1000000270
1000000271;A2539;Warning Triangle;;1000000271
1000000272;A25608;Trailer NET 2X3.5M;;1000000272
1000000273;A-2812030;Recovery Point ARB LC70 Series;;1000000273
1000000274;A-2814020;Recovery Point LHD Fortuner;;1000000274
1000000275;A-2825010;Left Recovery point Winch Bar;;1000000275
1000000276;A-2825020;Right Recovery point Winch Bar;;1000000276
1000000277;A3153;Battery Cables 900A 6MTR;;1000000277
1000000278;A-3412470/K;Winchbumper LC70 Fog Lights;;1000000278
1000000279;A-3412660-K;Winchbumper LC70 DELUXE;;1000000279
1000000280;A-3412670;Winchbumper LC78/79 Sensor;;1000000280
1000000281;A-3412730-K;Winchbumper LC70 COMMERCIAL;;1000000281
1000000282;A-3412750;Winchbumper LC76 FLARED;;1000000282
1000000283;A-3414580-K;Bullbar Hilux Revo GUN125L;;1000000283
1000000284;A-3414620-K;WINCHBUMPER HILUX NARROW;;1000000284
1000000285;A-3414640-K;WINCHBUMPER HIL WID W/O SENSOR;;1000000285
1000000286;A-3414730-K;ARB WINCHBUMPER HILUX WIDE;;1000000286
1000000287;A-3415210-K;Winchbumper LC200 w/ fogs;;1000000287
1000000288;A-3421896;Bull bar, Heavy Duty;;1000000288
1000000289;A-3424050;WINCHBUMPER JIMNY W/ LIGHTS;;1000000289
1000000290;A-3425010;Winchbumper LC300;;1000000290
1000000291;A-3500590;Fog Lights for Winchbars;;1000000291
1000000292;A-3700110;ARB roof rack support Suzuki J;;1000000292
1000000293;A-3800010-1;Reinforced African Roof Rack;;1000000293
1000000294;A-3800010-K;Roof Rack LC76 (w/ brackets);;1000000294
1000000295;A-3800010M-K;Roof Rack '76 (fitting & gril);;1000000295
1000000296;A-3800030-44;Roof rack, HZJ79 D/C ARB;;1000000296
1000000297;A-3800250-30;ARB ROOF RACK LAN125DC;;1000000297
1000000298;A-3800290-70;ARB ROOF RACK LC79DC;;1000000298
1000000299;A-3800350-4;ARB ROOF RACK LC79SC;;1000000299
1000000300;A-3800360-70;ARB ROOF RACK LAN125DC;;1000000300
1000000301;A-3813010-1;ARB Roofrack LC150 (18-24);;1000000301
1000000302;A-4412480;Sidebars+ sidesteps protectors;;1000000302
1000000303;A-4424010;SIDE STEPS JIMNY 18;;1000000303
1000000304;A-4425010;Side Steps Summit ARBÿLC300;;1000000304
1000000305;A-4425020;Front Rails Summit ARB LC300;;1000000305
1000000306;A-4425030;End Rails Summit ARB LC300;;1000000306
1000000307;A-5100340;Stainless steel central arch;;1000000307
1000000308;A-5414200;Carter/Gear/Transfer skid plat;;1000000308
1000000309;A-5615040;Rear Guard L/C200 2016;;1000000309
1000000310;A7344;Tie Down Strap, Carpoint 2x2.5;;1000000310
1000000311;A9302;Off Road Base Hi-Lift Jack;;1000000311
1000000312;AA5558;Door Grab Handle;;1000000312
1000000313;AA5690;DUAL TOW HITCH;;1000000313
1000000314;ABM;BUGGY WHIP W/ LED (2);;1000000314
1000000315;ACCY1010;Immobilisation Kit;;1000000315
1000000316;ACCY1012;Panic Button;;1000000316
1000000317;ACCY1073;Driver ID kit;;1000000317
1000000318;ACVE0188580;DISC FR DBA42722S;;1000000318
1000000319;ACVE0188581;DISC RR DBA42723S;;1000000319
1000000320;ACVE0188582;PAD KIT FR DP51815NDX TYLC200;;1000000320
1000000321;ACVE0188583;PAD KIT RR DP51816NDX TYLC200;;1000000321
1000000322;ACVE0243353;KIT SUSPENSION TY200 B6 4.8TN;;1000000322
1000000323;ADAPT83X56;Adapter Hook GDW LC150 Prado;;1000000323
1000000324;ADMIN;Administration Fees;;1000000324
1000000325;AFL;Cable Connect 8PIN HB4 Fog LC7;;1000000325
1000000326;AL6FXA;BUGGY WHIP W/ LED (3);;1000000326
1000000327;ALU PROFILE/EWP;Alu Profile 2,6x6x30 - 1198mm;;1000000327
1000000328;AM900;Worklight Led Feniex AM900;;1000000328
1000000329;AP40182;Double Hook Infusion holder;;1000000329
1000000330;ARB 601;ARB digital manometer;;1000000330
1000000331;ARB120BL195;ARB SPARTAN BAR LC78/79;;1000000331
1000000332;ARB122BL195;ARB SPARTAN BAR LC76;;1000000332
1000000333;ARB170112;FR/RR Axle, gear breather kit;;1000000333
1000000334;ARB-170A170;Smart Bar with winch supports;;1000000334
1000000335;ARB170BL171;Spartan Bar with winch support;;1000000335
1000000336;ARB172BL189;Spartan Bar with winch support;;1000000336
1000000337;ARB-173A170;Smart Bar with winch supports;;1000000337
1000000338;ARB190BL191;ARB Stealth Bar Hilux;;1000000338
1000000339;ARB210BL211;Smartbar Prado TXL w/ winch;;1000000339
1000000340;ARB-35BAG;Fridge/Freezer Cover;;1000000340
1000000341;ARB-470;Fridge Freezer ARB 35 ltrs;;1000000341
1000000342;ARB-4714030;Gate assistants Hilux DC;;1000000342
1000000343;ARB-4714040;Gate assistants Hilux DC;;1000000343
1000000344;ARB-601;Vehicle air compressor;;1000000344
1000000345;ARB605A;TIRE INFLATOR ANALOGUE;;1000000345
1000000346;ARB-605A;ARB Pressure Gauge Analogical;;1000000346
1000000347;ARB-743- SOP;Tred PRO, Mounting Kit;;1000000347
1000000348;ARB-743/N;ARB Tred PRO Kit, Black/Black;;1000000348
1000000349;ARB-743-N;ARB Tred PRO Kit, Black/Black;;1000000349
1000000350;ARB-819103A;ARB TPMS INTERNAL SENSORS (5);;1000000350
1000000351;ARB-819104;ARB TPMS EXTERNAL SENSORS (4);;1000000351
1000000352;ARB-819105;ARB TPMS SCREEN DISPLAY;;1000000352
1000000353;ARB-819108;ARB TPMS REPEATER;;1000000353
1000000354;ARB-819110;ARB TPMS Sensor Partner;;1000000354
1000000355;ARB-CT023;Ratchet tie down straps;;1000000355
1000000356;ARB-RK09;Premium recovery kit;;1000000356
1000000357;ARB-RK12;Winch recovery bag;;1000000357
1000000358;ASL59462096S;Cable lock (based on ch. nrs);;1000000358
1000000359;ATGLC;Gasoil anti-theft;;1000000359
1000000360;B097P8B2HY;Shovel Foldable Black + Bag;;1000000360
1000000361;BAC-001-1;Roofrack H.D.;;1000000361
1000000362;BAC-005;Support mounting kit;;1000000362
1000000363;BAC-005-1;Support mounting kit H.D.;;1000000363
1000000364;BATHOLDLC;SECOND BATTERY HOLDER LC70;;1000000364
1000000365;BENCH78AMBU;Seatcov. orange HZJ78 ambu;;1000000365
1000000366;BENCH79/ORG;Bench, Back to Back 6 seat Toy;;1000000366
1000000367;BENCH79-ORG;Bench, Back to Back 6 seat Toy;;1000000367
1000000368;BENCH79SC;Bench, back to back 8 seats;;1000000368
1000000369;BENCH79SCFF;Bench, face to face 8 seats;;1000000369
1000000370;BNC-RG58-U;BNC, Connector ICOM;;1000000370
1000000371;BP C19NPB;BOITE A OUTILS 19INCH;;1000000371
1000000372;BP-994;Anti-Puntc Spray 200 ML;;1000000372
1000000373;BP-99MIR;Rear, View Mirror XL LC70;;1000000373
1000000374;BS-14402;265/65R17 693BRZ 112S;;1000000374
1000000375;BUA;Reverse Buzzer (MSE);;1000000375
1000000376;BUGGYWH;BUGGY WHIP W/ SAFETY FLAG;;1000000376
1000000377;C1007;"GOSS 17"" rims Black Hilux";;1000000377
1000000378;CA-BC-001;PIONEER REAR VIEW CAMERA;;1000000378
1000000379;CA-BCW-006;6m CABLE FOR REAR VIEW CAMERA;;1000000379
1000000380;CBG2;GDW pintle hook 2-hole;;1000000380
1000000381;CBG4;GDW Pintle Hook 3,5T 50MM Ball;;1000000381
1000000382;CC15;ARB HARDTOP RESPRAYING;;1000000382
1000000383;CCG655;Central Cap for Goss C0600;;1000000383
1000000384;CHAI007;Expander Camping Chair;;1000000384
1000000385;CHAI008;Chair Double Storage Bag;;1000000385
1000000386;CHB-12B;Independent battery chargers;;1000000386
1000000387;CKBLA12;COMPRESSOR, BRUSHLESS, 12V;;1000000387
1000000388;CKMA12;Compressor;;1000000388
1000000389;CKMA-12;ARB 12V Compressor;;1000000389
1000000390;CKMP12;Portable Compressor 12 vol.;;1000000390
1000000391;CKSA12;Air compressor;;1000000391
1000000392;CL-116-TV;CANVAS SOFTTOP HILUX DC;;1000000392
1000000393;CL-120-TV;Square soft top w/structure SC;;1000000393
1000000394;CL-300-TY;Canvas, Top square HZJ79 D/C;;1000000394
1000000395;CL-300-TY-1;Square Soft top +15 cm LC79 DC;;1000000395
1000000396;CL-301-TY;Square Soft top LC79 (S/Cab);;1000000396
1000000397;CL-301-TY/1;Square Soft top +15 cm LC79 SC;;1000000397
1000000398;CL-301-TY-1;Square Soft top +15 cm LC79 SC;;1000000398
1000000399;CL-302-TV;Square Canvas Top Hilux DC A;;1000000399
1000000400;CL-303-TV;Canvas Tarpaulin for J-Deck;;1000000400
1000000401;CLS60A;HARDTOP HIL DC JDECK 2SW;;1000000401
1000000402;CLS60B;Hardtop HIL DC JDECK LH-S RH-L;;1000000402
1000000403;CLS60C;HARDTOP HIL DC JDECK 2LW;;1000000403
1000000404;CLS60E;Hardtop DC JDECK no side wind;;1000000404
1000000405;CLS75A;Canopy with side windows;;1000000405
1000000406;CLS75B;Canopy with side windows;;1000000406
1000000407;CLS75E;Canopy without side windows;;1000000407
1000000408;CLS80A;Canopy with 2 sliding windows;;1000000408
1000000409;CLS80C;Canopy with 2 lift-up;;1000000409
1000000410;CMOS230;CAMERA KENWOOD NON HD;;1000000410
1000000411;CMOS320;Camera Kenwood FR Non HD;;1000000411
1000000412;COLIBRI2V;KIT HZJ ELECT. WINDOW 2;;1000000412
1000000413;COLIBRI4V;KIT HZJ ELECT. WINDOW 4;;1000000413
1000000414;CONJ000287;Refrigerator, Body HZJ79 SC;;1000000414
1000000415;CONJ000288;Mobile, Workshop HZJ79# SC;;1000000415
1000000416;CONJ000301;Freezer Box, Body HZJ79 SC;;1000000416
1000000417;CONJ000326;Command Post, Hilux DC;;1000000417
1000000418;CONJ000449;Refrigerator, Body Hilux SC;;1000000418
1000000419;CONJ000467;Refrige box, coolunit Hilux SC;;1000000419
1000000420;CONJ000512;Refrigerator, Body HZJ79 SC;;1000000420
1000000421;COVERHIACE15P;Seat Cover Set Hiace 15P;;1000000421
1000000422;CR-010694-T;RR DOOR HARDTOP TV801/J;;1000000422
1000000423;CR-01129T-1;RR DOOR TV-800/TV-801;;1000000423
1000000424;CR-026-N;TOP CASE SHAD SH26 (26L);;1000000424
1000000425;CR-050015;Internal Light SW for TV-800;;1000000425
1000000426;CR-060BL;Helix Jet Vintage II Helmet(L);;1000000426
1000000427;CR-060BM;Helix Jet Vintage II Helmet(M);;1000000427
1000000428;CR-0685DELR;ANTI THEFT CHAIN;;1000000428
1000000429;CR-110192;Lock with key;;1000000429
1000000430;CS500-L;COVERSTAR OVERAL WHITE - L;;1000000430
1000000431;CS500-XL;COVERSTAR OVERAL WHITE - XL;;1000000431
1000000432;CT-6214C;Car DVD Player, Lcr 7# Serie;;1000000432
1000000433;CT-7008;Car DVD Player, Hilux MY2016;;1000000433
1000000434;DD12P;CarPlay/Android Auto screen;;1000000434
1000000435;DD7S;"RADIO 2DIN 7"" CARPLAY HILUX";;1000000435
1000000436;DD7T;"DOUBLE DIN7"" LC70-Hiace-Coaste";;1000000436
1000000437;DD9KSWIFT21;Radio Swift '21 Carplay 9 in.;;1000000437
1000000438;DEH-S110UB;PIONEER DEH-S110UB USB AUX;;1000000438
1000000439;DEH-S120UB;PIONEER DEH-S120UB USB AUX;;1000000439
1000000440;DESCAM5X2-4;Desert, Camouflage 5 x 2.4;;1000000440
1000000441;DESCAM6X3;Desert, Camouflage 6x 3;;1000000441
1000000442;DHY8500LEK-T;HYUNDAI DIESEL 7,5kVA 400V 14A;;1000000442
1000000443;DM4400;Motorola DM4400 VHF;;1000000443
1000000444;DM4400 UHF;Motorola Mobile Transceiver;;1000000444
1000000445;DM4400E;Motorola DM4400e VHF;;1000000445
1000000446;DM4600;Motorola DM4600 VHF transceive;;1000000446
1000000447;DM4601;MOTOROLA DM4601 VHF RADIO;;1000000447
1000000448;DM4601E;MOTOROLA DM4601E VHF BLUETOOTH;;1000000448
1000000449;DMH-G225BT;"AV Receiver with 6.2""";;1000000449
1000000450;DMH-Z5350BT02;"AV Receiver with 6.8""";;1000000450
1000000451;DN10129;Coffin roll-wide, black plasti;;1000000451
1000000452;DP4600E;Motorola DP4600E hand-held;;1000000452
1000000453;DYN-50N;DYNAMOMETRE RESSORT 50N;;1000000453
1000000454;EKG25-025;Spanband blauw 25mm 500Kg;;1000000454
1000000455;EL-081R;RR LEAF SPRING 600 KG LC79;;1000000455
1000000456;EL-082R;RR LEAF SPRING 800 KG LC79;;1000000456
1000000457;EL-091R;Rear Leaf spring Hilux 2016;;1000000457
1000000458;EL-105R;RR LEAF SPRING MEDIUM HILUX;;1000000458
1000000459;EL-14XL;Extra, Leaf HZJ78/79;;1000000459
1000000460;EL-80R;RR LEAF SPRING 400 KG LC79;;1000000460
1000000461;ENVOY X1;Codan Envoy X1 w/ 9350 antenna;;1000000461
1000000462;ENVOY X1 BASE;Codan Envoy X1 base station;;1000000462
1000000463;ENVOY X2;Codan Envoy X2 Mobile Package;;1000000463
1000000464;EPBC1000A;Battery jump leads HD;;1000000464
1000000465;EQK03310;NOVACOM HTS200 KIT;;1000000465
1000000466;EQLB482AC;R65 Mining Lightbar;;1000000466
1000000467;EQPR10ABM;BEACON LED R10 10-30V ORANG 3B;;1000000467
1000000468;EQPR10ABM-SB;BEACON LED R10 10-30V ORANG 1B;;1000000468
1000000469;EQPR10BBM;BEACON LED R10 10-30V BLUE 3B;;1000000469
1000000470;EQPR10RBM;BEACON LED R10 10-30V RED 3B;;1000000470
1000000471;EQR65-MM;MAGNETIC BASE EQR LED BEACON;;1000000471
1000000472;ETREX 35;Garmin Etrex 35;;1000000472
1000000473;F00075610;A/C Re-Routed Basic LC78;;1000000473
1000000474;F113378;Cable 1 Mtr for Speedlimiter;;1000000474
1000000475;F113379;Cable 1,5 Mtr for Speedlimiter;;1000000475
1000000476;F121400;Diagnose cable 3m SL;;1000000476
1000000477;F121604;UniGina ESL;;1000000477
1000000478;F-151;Manual Suction Pump w.Catheter;;1000000478
1000000479;F175922;Speedlimiter ESL 2 Kit Elec.;;1000000479
1000000480;F175958;Speedlimiter EFA 4 Kit 12V Mc;;1000000480
1000000481;FD077;SECOND BATTERY HOLDER LC70 24;;1000000481
1000000482;FD078;BRACKETS COOLING UNIT VACCINE;;1000000482
1000000483;FD079;Extra Fuel filter bracket;;1000000483
1000000484;FD3035;Speedlimter Bracket HZJ;;1000000484
1000000485;FD3600;FD Winch Mount LC70 2024+;;1000000485
1000000486;FD3650;Rear meshguards/lightguard;;1000000486
1000000487;FD4555;Wheelchocks holder;;1000000487
1000000488;FD911;FLASHING BEACON BLUE (MSE);;1000000488
1000000489;FDA;Mini Beacon Mining Bar Orange;;1000000489
1000000490;FK19;Sway Bar Spacer kit;;1000000490
1000000491;FK58;Brake Proportioning;;1000000491
1000000492;FK65;ABS Wire Bracket;;1000000492
1000000493;FK-65;ABS Wire Bracket;;1000000493
1000000494;FLAGPOLEMIN;Mining Buggy Whip Holder;;1000000494
1000000495;FLASHER;FR & REAR LIGHT FLASHER (MSE);;1000000495
1000000496;FLLC70;Fog Lights, LC70 Serie Basic;;1000000496
1000000497;FLOOR;Floor Wooden Anti-Slip LC78;;1000000497
1000000498;FLOORHIACE;Floor, Hiace Ambulance Grey;;1000000498
1000000499;FLOORHZJ78;Floor, HZJ78 Ambulance Grey;;1000000499
1000000500;FTR2700;Trailer, 2700 KG 2x As 1350 KG;;1000000500
1000000501;FUG-TR92-M;Seat Cover Charcoal Prado 7S;;1000000501
1000000502;FUG-TT09-M;Seat Covers Fortuner 21 7P;;1000000502
1000000503;FUG-TV870-M;Seat Cov Charcoal Hilux DC 6S;;1000000503
1000000504;FUG-TV871-M;Seat Cov Charcoal Hilux DC 5S;;1000000504
1000000505;FUG-TV872-M;Seat cover Hil DC 6P Int.Head2;;1000000505
1000000506;FUG-TV873-M;Seat cover Hil DC 6P Int.Head3;;1000000506
1000000507;FUG-TV874-M;Seat covers Hil DC 6P Int.Head;;1000000507
1000000508;FUG-TV906-M;Seat cover Hil DC 5P Int.Head3;;1000000508
1000000509;FUG-TY222-M;Seat Cover Charco LC79SC;;1000000509
1000000510;FUG-TY224-M;Seat Cover LC78 13S;;1000000510
1000000511;FUG-TY225-M;Seat Cover LC79DC 6S;;1000000511
1000000512;FUG-TY226-FR;Front Seat Covers LC76 Single;;1000000512
1000000513;FUG-TY226-M;Seat Cover Charcoal LC76 10S L;;1000000513
1000000514;FUG-TY226-MS;Seat Cover Charcoal LC76 10S S;;1000000514
1000000515;FUG-TY227-M;Seat Cover Charcoal LC76 5S L;;1000000515
1000000516;FUG-TY227-MS;Seat Cover Charcoal LC76 5S S;;1000000516
1000000517;FUG-TY228-M;Seat Cover Charcoal LC76 9S L;;1000000517
1000000518;FUG-TY228-MS;Seat Cover Charcoal LC76 9S S;;1000000518
1000000519;FUG-TY330-M;Seat Cover Canvas HD LC76 Face;;1000000519
1000000520;FUG-TY-A;Set 4 headrest covers LC70 LOW;;1000000520
1000000521;FUG-TY-B;Set 4 headrest cover LC70 HIGH;;1000000521
1000000522;GOSSRA325BK;Steel Rim 7x16 ET5 8 spoke Bl;;1000000522
1000000523;GRANTREK2657016;DUNLOP GT AT 265/70R16C;;1000000523
1000000524;GRIPMAX A/T;265/65-17 Gripmax A/T 112T OWL;;1000000524
1000000525;GY205R16WRL;GOODYEAR 205R16 110/108S;;1000000525
1000000526;HBA1224;Redarc Handbrake Alarm;;1000000526
1000000527;HEADREST UNIV;Headrest, univ incl. holder;;1000000527
1000000528;HELM;Helmets;;1000000528
1000000529;HG694C;Headlight Protectors Clear;;1000000529
1000000530;HLID10B;ARB Tonneau Cover;;1000000530
1000000531;HRM10;"DVD PLAYER 10"" + 2 HEADPHONES";;1000000531
1000000532;IBS-DBS-12V-EM;IBS Dual Battery System 12V;;1000000532
1000000533;IBS-RBM-;RBM RELAY BOOSTER MODULE;;1000000533
1000000534;IC-F5012;ICOM VHF transceiver;;1000000534
1000000535;ICOM IC-A120-ANTENNA;Icom IC-A120 airband radio Ant;;1000000535
1000000536;ICVOM IC-A16E-RADIO;Icvom IC-A16E airband radio;;1000000536
1000000537;IMPHZJ76;ROOF RACK IMPERIAAL LC 76;;1000000537
1000000538;IMPHZJ78;Imperiaal for Toyota HZJ78;;1000000538
1000000539;IMPTOCO2020D30S;Roof rack Coaster 30s;;1000000539
1000000540;IMPTOHIACGE2020HR;Steel Roof Rack Hiace HR;;1000000540
1000000541;IRCHFORT;Internal rollcage Fortuner;;1000000541
1000000542;IRCHIACE;Internal Rollcage Hiace (17);;1000000542
1000000543;IRCHIACEHR;Internal, Rollcage Hiace HR;;1000000543
1000000544;IRCHILDC16;Internal Rollcage Hil DC (30);;1000000544
1000000545;IRCHILSC16;Rollcage, Internal, Toyota Hil;;1000000545
1000000546;IRCHZB70-30S;Internal Rollcage Coaster 30S;;1000000546
1000000547;IRCHZJ76INT;Internal rollcage HZJ76;;1000000547
1000000548;ITF-50;Magnetic Plate 50MM Bolt;;1000000548
1000000549;JC;Jerrycan Green for Water;;1000000549
1000000550;K0500ALBPES2E40M;Kit for Fire Truck 500L Pump;;1000000550
1000000551;K0500PEHPDI4E60M;Fire Fighting Equipment 500L;;1000000551
1000000552;K20KLUBB;Aerial Platform +reverse Radar;;1000000552
1000000553;KEV;Kit Electric Vaccine Carrier;;1000000553
1000000554;KIT-REDA-01;REDARC SBI212 + DIGIT DISPLAY;;1000000554
1000000555;KIT-SUS-05-A;SUSPENSION KIT MEDIUM LC78-79;;1000000555
1000000556;KIT-SUS-05ARM;SUSPENSION KIT LC79SC <1000T;;1000000556
1000000557;KIT-SUS-05B;SUSPENSION KIT HEAVY LC79;;1000000557
1000000558;KIT-SUS-05-B;SUSPENSION KIT HD LC78-79;;1000000558
1000000559;KIT-SUS-05-C;SUSPENSION KIT STD LC79SC;;1000000559
1000000560;KIT-SUS-05-D;SUSPENSION KIT STD LC79SC;;1000000560
1000000561;KIT-SUS-05-F;SUSPENSION KIT STD LC79DC;;1000000561
1000000562;KIT-SUS-05G;Suspension Kit LCR 78/79;;1000000562
1000000563;KIT-SUS-05H;SUSPENSION KIT HD LC78;;1000000563
1000000564;KIT-SUS-05I;Suspension kit medium LC78/79;;1000000564
1000000565;KIT-SUS-05J;Suspension kit LC79DC;;1000000565
1000000566;KIT-SUS-06-A;SUSPENSION KIT MEDIUM LC76;;1000000566
1000000567;KIT-SUS-17;Suspension Kit Fortuner '16;;1000000567
1000000568;KIT-SUS-30;Suspension kit Mits. L200;;1000000568
1000000569;KIT-SUS-31;Suspension Kit LAN125-31;;1000000569
1000000570;KIT-SUS-31G;SUSPENSION KIT MED HILUX;;1000000570
1000000571;KIT-SUS-73;Suspension kit Jimny;;1000000571
1000000572;KIT-SUS-74;Suspension Kit Medium LC300;;1000000572
1000000573;KIT-SUS-SX4;SUSPENSION KIT SUZUKI SX4;;1000000573
1000000574;KRGF011T;Kit cargo roof rack 1358 mm;;1000000574
1000000575;LABCOST;Labor Costs;;1000000575
1000000576;LABCOST-1;Labor Costs;;1000000576
1000000577;LASJ002;LADDER JIMNY 18;;1000000577
1000000578;LC0001;NUDGE BAR HIACE HIGH ROOF;;1000000578
1000000579;LEDSPRITE 3;Hand held, lamp;;1000000579
1000000580;LFG;Flasher Blue Radiator grille;;1000000580
1000000581;LIGHTPROTECTORHIL;HILUX REAR LIGHT GRILLES SET;;1000000581
1000000582;LIGHTPROTECTORLC70;LC70 FR LIGHT GRILLES SET;;1000000582
1000000583;LR7;"Long range with DRL & Turn 7""";;1000000583
1000000584;LTA-9090000;CAN-bus Speed Limiter;;1000000584
1000000585;MAC;MODULE AUTOMATIC FR&RR CAMERA;;1000000585
1000000586;MBCWL;Mining Bar w/worklight;;1000000586
1000000587;MBCWL-HILUX;Mining Bar w/worklight Hilux;;1000000587
1000000588;MBCWLR70;Mining Bar w/worklight LC76/78;;1000000588
1000000589;MBCWLRS79;Mining Bar w/worklight LC79;;1000000589
1000000590;MC 27057;Anti theft bolts M12*1.5;;1000000590
1000000591;MG 24212;MCGARD slotmoeren 12X1.5;;1000000591
1000000592;MK-418-W;Hard Top L200DC Open Sides;;1000000592
1000000593;MK-461;CARRYBOY HARDTOP TRADESMAN;;1000000593
1000000594;MOD-440-1XL;17 CLES MIXTE OGV;;1000000594
1000000595;MOD-440-2XL;5 CLES MIXTE OGV GRANDES DIMS;;1000000595
1000000596;MOD-75-1;10 CLES A PIPE OGV 6 PANS;;1000000596
1000000597;MOD-75-1PB;MODULE 10 WRENCHES;;1000000597
1000000598;MOD-A1;8 TOURNEVIS;;1000000598
1000000599;MOD-ANXR;7 TOURNESVIS RESISTORX;;1000000599
1000000600;MOD-AT1;PROT2 SCREWDRIVER 8PCS;;1000000600
1000000601;MOD-ATXR;PROT2 T TORX SCREWDRIVERS 7PCS;;1000000601
1000000602;MOD-CG1;CHASSE GOUPI, BURINS, BEDANES;;1000000602
1000000603;MOD-CPEA0;3 PLIERS MODULE480,04?;;1000000603
1000000604;MOD-CPEAO;3 PINCES MECANO;;1000000604
1000000605;MOD-KL2;DOUILLES 3/4;;1000000605
1000000606;MOD-MI3;OUTILS DE FRAPPE 205H;;1000000606
1000000607;MOD-PC;4 PINCES  CIRCLIPS;;1000000607
1000000608;MOD-R161-26;DOUILLES 1/4 IN 6 PANS M¶LE;;1000000608
1000000609;MOD-S161-46;DOUILLES 1/2  6 PANS L4 SL161B;;1000000609
1000000610;MP31DC;BAT 12V 90Ah 336*173*235 G;;1000000610
1000000611;MS906TS;AUTEL MAXISYS DIAG 906TS;;1000000611
1000000612;MS908CV;AUTEL MAXISYS CV HEAVY DUTY;;1000000612
1000000613;MS908S;AUTEL MAXISYS DIAG 908S;;1000000613
1000000614;MT027408;PLAQUES DESENSABLAGE MAXTRAX;;1000000614
1000000615;MT030774;Kit Silent Block;;1000000615
1000000616;MT032330;Ecrou de roue;;1000000616
1000000617;MT032840;Amortisseur AV;;1000000617
1000000618;MT032841;AMORTISSEUR AR DROIT (LC79);;1000000618
1000000619;MT032842;AMORTISSEUR AR GAUCHE (LC79);;1000000619
1000000620;MT032844;Kit Lame Suspension;;1000000620
1000000621;MT032845;BARRE STABILISATRICE LC79;;1000000621
1000000622;MT032846;SILENTBLOC (STABILIZER LC79);;1000000622
1000000623;MT032847;ENTRETOISE (STABILIZER LC79);;1000000623
1000000624;MT032848;BIELLETTE (STABILIZER LC79);;1000000624
1000000625;MT034012;Jumelles Suspensions Safari;;1000000625
1000000626;MT034017;Etrier;;1000000626
1000000627;MT034576;JANTE ALU 17x7.5 RECAMP+;;1000000627
1000000628;MT036219;PNEU BF LT 265/70R17 AT KO2 FS;;1000000628
1000000629;MT047410;BRACKETS MAXTRAX LC70 HOOD;;1000000629
1000000630;M-T058Q15-STE;NET INSECT RADIATOR LC70;;1000000630
1000000631;MT-764;Max MT-7964 Big Horn 205/80-16;;1000000631
1000000632;MUA;Beacon Led Mini 12V 3P Orange;;1000000632
1000000633;MUAB;Beacon Led High 12V 3P Blue;;1000000633
1000000634;MUAR;Beacon Led 12V 3W 3P Red;;1000000634
1000000635;MULTI-CHARGEUR;CHARGEUR MULTIFONCTION;;1000000635
1000000636;NL-CCS3;WINDOWS ETCHING VIN NUMBER;;1000000636
1000000637;NS-60006;Absorber, shock Rear L/R LAN25;;1000000637
1000000638;NS-60008;FR SHOCK ABSORBER LC79;;1000000638
1000000639;NS-60011;RR SHOCK ABSORBER LC7#;;1000000639
1000000640;NS-60077;Absorber, shock Rr L/R Hilux;;1000000640
1000000641;NS-60080;NITRO OME ABSORBER RR;;1000000641
1000000642;NS60100;NITROCHARGER SPORT;;1000000642
1000000643;NS-60109;RR SHOCK ABSORBER LC79 (HARD);;1000000643
1000000644;NS-60111;Absorber, shock Rear L/R HZJ7#;;1000000644
1000000645;NS-60132;RR SHOCK ABSORBER HILUX (SOFT);;1000000645
1000000646;NS-60133;RR SHOCK ABSORBER HILUX;;1000000646
1000000647;NS-60154;FR SHOCK NITRO JIMNY 2018+;;1000000647
1000000648;NS-60155;RR SHOCK NITRO JIMNY 2018+;;1000000648
1000000649;NS-61030;SHOCK ABSORBER HD LC200 RR;;1000000649
1000000650;NS-63109;REAR SHOCK ABSORBER NITRO;;1000000650
1000000651;NS-90002;Absorber, shock Fr L/R Hilux;;1000000651
1000000652;NS-90004;Absorber, shock Fr L/R HZJ7#;;1000000652
1000000653;NS-90010;NITRO OME ABSORBER FR;;1000000653
1000000654;NS-90028;FR SHOCK ABSORBER HILUX;;1000000654
1000000655;NS-91005;SHOCK ABSORBER HD LC200 FR;;1000000655
1000000656;OME-859;Coil Spring, FR H.D. set of 2;;1000000656
1000000657;OME-884;OME COIL SPRING;;1000000657
1000000658;OMEGP-07;KIT;;1000000658
1000000659;OMEGP13;GREASABLE END PIN KIT L200;;1000000659
1000000660;OMEGP-7;END KIT, GREAS. SHACKLE LC79;;1000000660
1000000661;OMEGS10;Greasable, Shackle kit 78/79;;1000000661
1000000662;OMEGS-10;GREASABLE SHACKLE KIT 78/79;;1000000662
1000000663;OMEGS-19;GREASABLE SHACKLE KIT 78/79;;1000000663
1000000664;OMEGS22;Greasable shackle kit Tundra;;1000000664
1000000665;OMEGS23;GREASABLE SCHACKLE KIT L200;;1000000665
1000000666;OMEGS-25;GREASABLE SHACKLE HILUX;;1000000666
1000000667;OMESB106;Tundra Bush Kit;;1000000667
1000000668;OMESB113;SPRING BUSH KIT L200;;1000000668
1000000669;OMESB-85;SPRING, GREASABLE SHACKLE LC79;;1000000669
1000000670;OMESB-98;HILUX BUSH KIT (2005 DAKAR);;1000000670
1000000671;OMETH-003;LC200 & Tundra Strut Top Kit;;1000000671
1000000672;OMEU53A;U-BOLT L200;;1000000672
1000000673;OMEU-53A;U-BOLT HARD LEAF SPRING HILUX;;1000000673
1000000674;OMEU-53B;U-BOLT SOFT LEAF SPRING HILUX;;1000000674
1000000675;OMEU-59B;U-BOLT;;1000000675
1000000676;OMEU-59C;U-BOLT;;1000000676
1000000677;OMUE-53B;U-BOLT LEAF SPRING RR;;1000000677
1000000678;ORB;HI-LIFT JACK OFF ROAD BASE;;1000000678
1000000679;OW-A301A;Belt Receiver HIACE LH222L L6;;1000000679
1000000680;OWA-BK01A;Safety Belt Receiver Hiace/Hil;;1000000680
1000000681;OW-BK15B27;Safety Belt Receiver LC70;;1000000681
1000000682;PANELLIN;Panelling RR Doors LC78;;1000000682
1000000683;PARTCUR78;Partition Curtain, HZJ78;;1000000683
1000000684;PARTITIO;Partition Wall Separation LC78;;1000000684
1000000685;PARTITIOHIACE;Partition Wall, Hiace Amb.;;1000000685
1000000686;PARTITIOHZJ78;Partition Wall, HZJ78 Ambulanc;;1000000686
1000000687;PARTITIOHZJ78-9MM;Partition Wall HZJ78 Ambu 9mm;;1000000687
1000000688;PMAD4147A;ANTENNA MOTOROLA DP4601;;1000000688
1000000689;PMKN4010B;MOTOROLA DM PROGRAMING CABLE;;1000000689
1000000690;PMKN4012B;Motorola programming cable;;1000000690
1000000691;PMKN4034;MOTOROLA MICRO EXTENSION CABLE;;1000000691
1000000692;PMLN5072A;MOTOROLA ACC. CONNECTOR;;1000000692
1000000693;PMNN4406BR;Motorola battery pack;;1000000693
1000000694;PMNN4488A;BATTERY 3000mAh DP2xxx DP4xxx;;1000000694
1000000695;POLICEKIT;MOUNTING PARTS;;1000000695
1000000696;PR2034;Blue (Led) Flashing Light;;1000000696
1000000697;PRXPRT-POL-BB;LIGHT BAR POL B/B + PR;;1000000697
1000000698;PRXPRT-US-BB;LIGHT BAR B/B SIREN US;;1000000698
1000000699;PS1-X-ABC;FIRE EXTINGUISHER 1 KG ABC;;1000000699
1000000700;PS2-X-ABC;FIRE EXTINGUISHER 2 KG ABC;;1000000700
1000000701;PUKT171302;Pump up kit;;1000000701
1000000702;PUKT171302V2;Pump up kit;;1000000702
1000000703;PW45600001;WHEEL LOCK NUT TOYOTA;;1000000703
1000000704;PZ49S00EB0EU;SAFETY YELLOW VEST TOYOTA;;1000000704
1000000705;PZ49S00ED0EU;FIRST AID KIT TOYOTA;;1000000705
1000000706;PZN52ID404EX;FLANGED TOWING HITCH;;1000000706
1000000707;PZQ8589450;Lightbar incl. beacon;;1000000707
1000000708;RBPUPADSRBG;Moulded PU gret single Roof Bl;;1000000708
1000000709;RBT045;Safety Devices Roll Cage LC78;;1000000709
1000000710;RBT0457S;Toyota Lcr HZJ78 Internal ROPS;;1000000710
1000000711;RBT045PA;Toyota Lcr HZJ78 Padding Kit;;1000000711
1000000712;RBT0577SSS;EXTERNAL ROPS SD LC79 SC;;1000000712
1000000713;RBT0707SSS;Heavy duty ROPS for HZJ78;;1000000713
1000000714;RBT070PAD;Padding kit for HZJ78;;1000000714
1000000715;RBT0787S;Toyota Lcr HZJ79 DC External/I;;1000000715
1000000716;RBT0787SSS;EXTERNAL ROPS SD LC79 DC;;1000000716
1000000717;RBT078PA;Toyota Lcr HZJ79 DC Padding ki;;1000000717
1000000718;RBT078PAD;EXTERNAL ROPS LC79 DC PAD KIT;;1000000718
1000000719;RBT0827SSS;Toyota Lcr HZJ76 internal ROPS;;1000000719
1000000720;RBT082PAD;Toyota Lcr HZJ76 padding kit;;1000000720
1000000721;RBT120 7SS;SD LC79DC BOLT-IN ROPS;;1000000721
1000000722;RBT120 PAD;SD LC79DC PADDING KIT;;1000000722
1000000723;RBT1217SSS;EXTERNAL ROPS SD HIL DC;;1000000723
1000000724;RBT121PAD;EXTERNAL ROPS HIL DC PAD KIT;;1000000724
1000000725;RBT1287SSS;INTERNAL ROPS SD LC79SC T128;;1000000725
1000000726;RBT128PAD;Landcruiser SC PU padding kit;;1000000726
1000000727;RBT1297SSS;INTERNAL ROPS SD LC79DC T129;;1000000727
1000000728;RBT129PAD;Landcruiser DC PU padding kit;;1000000728
1000000729;RBT1307SSS;INTERNAL ROPS SD LC76 T130;;1000000729
1000000730;RBT130PAD;Landcruiser 76 padding kit;;1000000730
1000000731;RBT1317SSS;INTERNAL ROPS SD LC78 T131;;1000000731
1000000732;RBT131PAD;Landcruiser 78 padding kit;;1000000732
1000000733;RBT1327SSS;INTERNAL ROPS SD HILUX DC T132;;1000000733
1000000734;RBT132PAD;Hilux DC PU padding kit;;1000000734
1000000735;RBT1377SSS;Internal ROPS Hilux SC T137;;1000000735
1000000736;RBT1387SSS;Internal ROPS Hiace LR T138;;1000000736
1000000737;RBT1397SSS;Internal ROPS Hiace HR T139;;1000000737
1000000738;RENFORCE CF15;COVER LAND CRUISER 300;;1000000738
1000000739;REQU301;Tire repair kit;;1000000739
1000000740;RFCAM150;CAMERA KIT PRADO (2 CAMERAS);;1000000740
1000000741;RIV-KITREVO;Full kit 3 pcs, Hilux;;1000000741
1000000742;RK9A;Premium recovery kit;;1000000742
1000000743;ROADFLARESYNC6-OR;Case of portable beacons;;1000000743
1000000744;RRAC028;Rack Mount Shower Arm;;1000000744
1000000745;RRAC215;Rack Handle Bracket;;1000000745
1000000746;SA170BL171;Smartbar Hilux W whinch suppor;;1000000746
1000000747;SA172BL172;Smartbar, Hil Rev, Narrow body;;1000000747
1000000748;SA173BL171;Smartbar Hilux Wide;;1000000748
1000000749;SA321BL323;Spartanbar, winch Non Flared;;1000000749
1000000750;SA321BL324;Spartanbar, winch, Non flared;;1000000750
1000000751;SA322BL323;Spartanbar, winch comp, Flared;;1000000751
1000000752;SA322BL324;Spartanbar,  winch, flared mod;;1000000752
1000000753;SARTY-MD10C-B1;Super Audio, Rear ent. system;;1000000753
1000000754;SAVSTT;CAISSE BOIS PB;;1000000754
1000000755;SBD79SC;Side, Bars Desert LC7#;;1000000755
1000000756;SEGMENTAIR-COND;Segment Under Aircondition;;1000000756
1000000757;SEGMENTUNDER-SEAT;SEGMENT UNDER SEAT;;1000000757
1000000758;SIDEWALLHIACE;Panelling, Hiace Amb Lh/Rh;;1000000758
1000000759;SIDEWALLHZJ78;Panelling, HZJ78 Ambulance L/R;;1000000759
1000000760;SL48KIT;Lightbar kit (1229mm);;1000000760
1000000761;SL67KIT;Lightbar kit (1708mm);;1000000761
1000000762;SL73KIT;Lightbar kit (1862mm);;1000000762
1000000763;STICKAMBU 265X47;Stickers Ambulance;;1000000763
1000000764;STICKANACFR 150X210;Sticker  ANAC Logo FR;;1000000764
1000000765;STICKJAPFR 100X100;Sticker CPS Africa;;1000000765
1000000766;STICKJAPFR 100X150;Stickers Japan FR small;;1000000766
1000000767;STICKJAPFR 200X200;Stickers Japan FR medium;;1000000767
1000000768;STICKJAPFR 500X500;Sticker Japan FR large;;1000000768
1000000769;STICKJAPUK 100X100;Sticker Japn UK small;;1000000769
1000000770;STICKJAPUK 200X200;Stickers Japan UK medium;;1000000770
1000000771;STICKJAPUK 500X500;Sticker Japan UK large;;1000000771
1000000772;STICKMAURFR 100X150;Stickers Mauritanie FR medium;;1000000772
1000000773;STICKPRAD;Sticker Prado Logo;;1000000773
1000000774;SWCL004;SPAREWHEEL CARRIER ROOF RACK;;1000000774
1000000775;SWK2000-5;DOUBLE DIESEL FILTER;;1000000775
1000000776;SYS-50T-20;Extra Bolts Set for CBG4 Hook;;1000000776
1000000777;TARPLC79S;CANVAS LC79 SAHARA BEIGE;;1000000777
1000000778;TAX4205C;Taximeter, Cable / Box;;1000000778
1000000779;TB3563;Disc Brake Kit Conversion LC70;;1000000779
1000000780;TOY00443;RESEVOIR SECONDAIRE CARB.;;1000000780
1000000781;TOY00444;PUIT DE JAUGE;;1000000781
1000000782;TOY046C;FRONT COIL SPRING;;1000000782
1000000783;TOY047C;REAR LEAF SPRING;;1000000783
1000000784;TOY063C;IRONMAN SPRING SET;;1000000784
1000000785;TOY064C;IRONMAN SPRING SET;;1000000785
1000000786;TOY-5686-KIT;VEHICLE INTERFACE MODULE ECU;;1000000786
1000000787;TOYO55B;FRONT COIL SPRING;;1000000787
1000000788;TOYO57B;REAR LEAF SPRING;;1000000788
1000000789;TP7HIL;Quickfix cab. Hil prise 7 Pins;;1000000789
1000000790;TP7HZJ;Quickfix cab. LC prise 7 Pins;;1000000790
1000000791;TPMS;Tire Pressure Mon. System TPMS;;1000000791
1000000792;TR0011-2;First Aid Kit A (New);;1000000792
1000000793;TR-70-I40;Bullbar Inox Prado 150;;1000000793
1000000794;TRANS;Transport Cost;;1000000794
1000000795;TRANSP;Transport;;1000000795
1000000796;TRSW12028FB;LED Work Light;;1000000796
1000000797;TS-001-BFS;Snorkel pour Toyota Coaster;;1000000797
1000000798;TT-20-SS;Snorkel Safari for Fortuner;;1000000798
1000000799;TV-216-20R;Bedliner, Hilux S/C;;1000000799
1000000800;TV-800;Hardtop Hilux DC MY16  w/wind.;;1000000800
1000000801;TV-800-J;Hardtop Hilux DC J-deck w/win;;1000000801
1000000802;TV-801;Hardtop Hilux DC MY16 no/wind.;;1000000802
1000000803;TV-801-J;Hardtop Hilux DC J-deck wo/win;;1000000803
1000000804;TV-808;HARDTOP WINDOWS LAN125 SC;;1000000804
1000000805;TV-810/20R;Bedliner Hilux DC Upper A-Deck;;1000000805
1000000806;TV-810-21R;Bedliner Hilux DC J-Deck;;1000000806
1000000807;TV-810-22R;Bedliner Hilux DC Under A-Deck;;1000000807
1000000808;TV-810-7;Bedliner, Hilux D/C J-Deck;;1000000808
1000000809;TV-810-8;Bedliner (under rail);;1000000809
1000000810;TV-811-SS;Snorkel (Wide Body);;1000000810
1000000811;TV-812-I40;Bullbar Inox Hilux Narrow;;1000000811
1000000812;TV-812-IB;Bullbar Inox Hilux Narrow;;1000000812
1000000813;TV-815;Bullface ABS Hard Top Hilux;;1000000813
1000000814;TV-816-20R;Bedliner, Hilux S/C J-Deck;;1000000814
1000000815;TV-816-6;Bedliner 4X4 SC LAN 125;;1000000815
1000000816;TV-817;Frontal protector & Carter 6mm;;1000000816
1000000817;TV-818;Transfer/Gear protector Hilux;;1000000817
1000000818;TV-820-21R;HILUX BEDLINER;;1000000818
1000000819;TV-821-W;Hardtop Hilux DC Revo;;1000000819
1000000820;TV-826-6;Rooftop Alu color;;1000000820
1000000821;TV-828-6;Roof top silver;;1000000821
1000000822;TV-828-7;Roof top black;;1000000822
1000000823;TV-828-J;HILUX TONNEAU COVER (J-DECK);;1000000823
1000000824;TV-829;Fuel, tank 140 Ltr. (Diesel);;1000000824
1000000825;TV-832;Full Box D/cab;;1000000825
1000000826;TV-832-J;Full Box D/ Cab Hilux;;1000000826
1000000827;TV-833;Side steps Alu. platform shape;;1000000827
1000000828;TV-833-711;SIDE STEP ALUMINIUM LAN125 DC;;1000000828
1000000829;TV-836-3;HARD COVER Hilux D/C;;1000000829
1000000830;TV-836-MT2;Cargo Carriers for Tonneau C;;1000000830
1000000831;TV-842-I;Stainless steel sidestep Hilux;;1000000831
1000000832;TV-843;Side steps oval Black Hilux;;1000000832
1000000833;TV-843-I;Side steps oval inox Hilux;;1000000833
1000000834;TV-848;Hardtop sport Hilux;;1000000834
1000000835;TV-849/SS;SNORKEL HILUX NARROW BODY;;1000000835
1000000836;TV-849-SS;SNORKEL HILUX NARROW BODY;;1000000836
1000000837;TV-858;Fiber tonneau cover Hilux;;1000000837
1000000838;TV-861;Fender flares set Hilux;;1000000838
1000000839;TV-862;Fender flares set Hilux;;1000000839
1000000840;TV-863;Roof console Hilux;;1000000840
1000000841;TV-864;Work Hardtop Hilux;;1000000841
1000000842;TV-867-I;Chrome Bullbar Hilux DC Wide;;1000000842
1000000843;TV-869-03;PROTECT PLTE TRANSM/TRANSF 6MM;;1000000843
1000000844;TV-869-04;Skid plate fuel tank;;1000000844
1000000845;TV-869-06;Skid plate differential;;1000000845
1000000846;TV-869-07;Skid plate trapeze;;1000000846
1000000847;TV-878-HAL;Headlamp protectors Hilux;;1000000847
1000000848;TV-878-LED;Headlamp protectors Hilux;;1000000848
1000000849;TV-879-N;REAR BLACK LAMP PROTECT HILUX;;1000000849
1000000850;TV-880-J;Soft Lid Cover Hilux DC J-Deck;;1000000850
1000000851;TV-881-J;Soft Lid Tri-Fol Hi DC J-Deck;;1000000851
1000000852;TV-882;Windows deflectors Revo D/C;;1000000852
1000000853;TV-883;Slide tray Hilux DC;;1000000853
1000000854;TV-884;CANVAS HILUX DC JDECK;;1000000854
1000000855;TV-886;Roll bar Black Hilux DC;;1000000855
1000000856;TV-886-I;Roll bar Inox Hilux DC;;1000000856
1000000857;TV-887;Big Bar 63 mm low black Hilux;;1000000857
1000000858;TV-888;Big Bar 76 mm low Black Hilux;;1000000858
1000000859;TV-890-AV;Suppport integral winch Hilux;;1000000859
1000000860;TV-RTC840-N;ROLL BAR BLACK MT HILUX DC;;1000000860
1000000861;TV-RTCM-891;Alu Black Roll Cover Hilux DC;;1000000861
1000000862;TV-RTCM-892;Roll bar black Hilux D/Cab;;1000000862
1000000863;TV-RTCM-893;Cargo carrier Hilux D/Cab;;1000000863
1000000864;TW17SS;Tank water 49 L;;1000000864
1000000865;TW20SS;Tank water 52L;;1000000865
1000000866;TY05;Jansite Tires Pressure Control;;1000000866
1000000867;TY-110-1;Front Skidplate w/bullbar;;1000000867
1000000868;TY-110-2;Front skidplate with bullb/win;;1000000868
1000000869;TY-216-20R;Bedliner LC79 (SC);;1000000869
1000000870;TY-216-6;Bedliner black H.D HZJ79 SC;;1000000870
1000000871;TY-217;Acrylic protector (front lamp);;1000000871
1000000872;TY-217/8;Bedliner black heavy duty;;1000000872
1000000873;TY-217-20R;Bedliner HZJ-79 Pick-Up DC;;1000000873
1000000874;TY-217-8;Bedliner black HD LC79 DC;;1000000874
1000000875;TY-218;Turbo Safari LC76/78/79;;1000000875
1000000876;TY-219;Overfenders (set) for LC76;;1000000876
1000000877;TY-220;Rollbar, Toyota LCR 79 SC/DC;;1000000877
1000000878;TY-220-E;Towbars LC76;;1000000878
1000000879;TY-221;Overfenders (set) for LC78;;1000000879
1000000880;TY-221-E;Towbars LC78;;1000000880
1000000881;TY-222;Overfenders (set) for LC79 SC;;1000000881
1000000882;TY-222-E;Tow Bar, LC79 Double Cabin;;1000000882
1000000883;TY-222-EDC;Towbars LC70 DC;;1000000883
1000000884;TY-222-ESC;Towbars LC70 SC;;1000000884
1000000885;TY-223-E;Tow Bar, LC79 Single Cabin;;1000000885
1000000886;TY-233;Roof console LC79 (S/Cab);;1000000886
1000000887;TY-400;Alu Hardtop w/wind HZJ79-DC;;1000000887
1000000888;TY-401;Hardtop LC 79 DC;;1000000888
1000000889;TY-403;Hardtop Alu LC79 SC w/o wind.;;1000000889
1000000890;TY-403-1-P;Hardtop, Prisoner HZJ79 S/C;;1000000890
1000000891;TY-404-1-P;Hardtop, Prisoner HZJ79 S/C;;1000000891
1000000892;TY-4041-P;Hard top LC79 (S/Cab);;1000000892
1000000893;TY-408;ARB Fuel tank 180L LC79 SC/DC;;1000000893
1000000894;U00677800;SEPARATED CLIM AC DEVICE HIACE;;1000000894
1000000895;U00758980;KIT BRIDE CLIM TOY LC78 DEP;;1000000895
1000000896;U007790;Engraved Alu Plate 100x60x2;;1000000896
1000000897;V-0600;Tow Rope 10T 10M;;1000000897
1000000898;V-0600-A;Tow Rope 10T 10M;;1000000898
1000000899;V-0606;Foldable Shovel + Bag Black;;1000000899
1000000900;V-0703 - PS;Maxtrax, Mounting Pin Set;;1000000900
1000000901;V-0703- N;Maxtrax Plate Black (Pair);;1000000901
1000000902;V-0703-PS;Mounting Kit  MaxTrax;;1000000902
1000000903;V-0705;BUSHRANGER PLATE 150CM +BAG;;1000000903
1000000904;V-0706-BLK;VRE-TRACK PLATE BLACK (15T);;1000000904
1000000905;V-1001-1;Hi-lift 1.30 Mis;;1000000905
1000000906;V-1005;Inflatable Jack 4T (Exhaust);;1000000906
1000000907;V-1007-1;Inflatable Jack (Comp+Exh);;1000000907
1000000908;V-46-072;CANVAS WHEEL COVER;;1000000908
1000000909;V-4902;Cyclonic, Air Filter Hilux;;1000000909
1000000910;V-5003-2;Set of FR & RR 5 Rubber mats;;1000000910
1000000911;V-5004;FLOOR MAT SET (4) LC78;;1000000911
1000000912;V-5320;Utility box bullface Hilux;;1000000912
1000000913;V-5321;Utility box bullface Hilux;;1000000913
1000000914;V-5322;Utility box bullface Hilux;;1000000914
1000000915;V-5324;Multipurpose drawer side Hilux;;1000000915
1000000916;V-5326-TY01;Multipurpose drawer left Hilux;;1000000916
1000000917;V-5326-TY02;Multipurpose drawer rght Hilux;;1000000917
1000000918;V-5400/1;TYRE PUNCTURE REPAIR KIT;;1000000918
1000000919;V-5404-5;Winch recovery bag;;1000000919
1000000920;V-5405;Rescue, hook universal;;1000000920
1000000921;V-5405-CB;Pintle Hook;;1000000921
1000000922;V-5407-N;RUBBER FLOOR MAT (FR);;1000000922
1000000923;V-5407-NR;RUBBER FLOOR MAT (RR);;1000000923
1000000924;V-5420;Safety Flag Buggy Whip 300 CM;;1000000924
1000000925;VENC000058;COMMAND POST LC79SC;;1000000925
1000000926;VIS-121;Lightbar Rotating Orange;;1000000926
1000000927;VLTT-CAGE;Tactical Roll Cage LC79SC;;1000000927
1000000928;VRSM;Musthane Sand Mat (Pair);;1000000928
1000000929;W10BDST-X;BUGGY WHIP W/ LED (1);;1000000929
1000000930;W-12FL-BF-1;BULLFACE WINCH 5.4T 12V 28M;;1000000930
1000000931;W-95FL-BF-1;BULLFACE WINCH 4.3T 12V 30,5M;;1000000931
1000000932;WA-10122;Hand Winch T-MAX 3200kg/16mm;;1000000932
1000000933;WC1HZENGINE;WOODEN CRATE 120x80x110CMS;;1000000933
1000000934;WCHZJ7FRONTAXLE;WOODEN CRATE 180x60x45CMS;;1000000934
1000000935;WCHZJ7REARAXLE;WOODEN CRATE 180x55x45CMS;;1000000935
1000000936;WCHZJ7STEERCOLUMN;WOODEN CRATE 80x40x40CMS;;1000000936
1000000937;WHEELCOV;Vinyl, Spare wheel cover;;1000000937
1000000938;WINDOW;Sliding Window LC78 Part Wall;;1000000938
1000000939;WTAN070;Water tank w/ mouting system;;1000000939
1000000940;X00000-00672;EXTENSION WHEEL CARRIER 750R16;;1000000940
1000000941;X00000-00927;RR JOINT PROTECTOR LC70;;1000000941
1000000942;X00000-00956;FR JOINT PROTECTOR LC70;;1000000942
1000000943;X00000-02180;Bracket Codan Antenna 3040 TGS;;1000000943
1000000944;X00000-10324;INTERCOM INTERPHONE SET CC1238;;1000000944
1000000945;X00000-40330;SEAT COVERS LC79SC 3P VINYL;;1000000945
1000000946;X0WC0;235/85R16 BF GOOD AT KO2 116S;;1000000946
1000000947;X0WCK;BF GOODRICH 265/65-18 AT KO2;;1000000947
1000000948;X0WCM;265/70-17 BF Goodrich A/T KO2;;1000000948
1000000949;X0WCQ;285/70-17 BFGoodrich AT KO2;;1000000949
1000000950;X0WCS;225/75-16 BF Goodrich All Ter.;;1000000950
1000000951;X0WCT;245/75-R16 BF-Goodrich A/T;;1000000951
1000000952;X0WCU;225/65-R17 BF-Goodrich A/T;;1000000952
1000000953;X0WCV;265/75-16 BF Goodrich All Terr;;1000000953
1000000954;X108J;265/70-16 BF Goodrich A/T KO2;;1000000954
1000000955;X10KZ;265/65R17 BRIDGE AT 693 112S;;1000000955
1000000956;X11Q0;255/70R16 BF AT KO2 117S;;1000000956
1000000957;X11Q1;265/60R18 BF-Goodrich A/T;;1000000957
1000000958;X11Q2;315/70-17 BFGOOD AT KO2 121S;;1000000958
1000000959;X11Q3;265/65-17 BF GOODRICH A/T KO2;;1000000959
1000000960;X12U3;265/70R17 BFGoodrich Mud-Terra;;1000000960
1000000961;X1ULA;265/60R20 BFGOOF A/T KO2 118S;;1000000961
1000000962;X1ZU0;235/85-R16 BF-Goodrich M/T;;1000000962
1000000963;X207W;225/75-16 BF GOOD MUD KM3;;1000000963
1000000964;X21C3;275/55-20 BF GOODRICH A/T KO2;;1000000964
1000000965;X2B2J;LT225/70-17 Bfgoodrich AT KO2;;1000000965
1000000966;XDV-P6;Pioneer XDV-P6 changer;;1000000966
1000000967;Z0061557;DUAL HITCH TOWING BALL 50 MM;;1000000967
1000000968;Z0R67;235/85R16 BRIDGE AT 674 MUD;;1000000968
1000000969;48002304;REAR STEP BAR WITH TOWING HITCH;;1000000969
1000000970;URNIETA005;LC250 SIDE STEPS STARK;;1000000970
1000000971;PU-115990;EZ seal banden rep.set PW;;1000000971
1000000972;TMLED;TMLED;;1000000972
1000000973;TRAFLED8#;Din. LED lichtbalk 8 MOD 12/24;;1000000973
1000000974;117103;First Aid kit Small Universal;;1000000974
1000000975;029-772;Tow Bar + 50mm ball Prado;;1000000975
1000000976;IRCHZJ79DC;Internal ROPS HZJ79DC PU;;1000000976
1000000977;SAVPM;Metal Pallet Bullbar 220x130;;1000000977
1000000978;LadderT;Ladder Toyota LC76;;1000000978
1000000979;LadderTT;Ladder Toyota LC78;;1000000979
1000000980;RK11A;ARB RECOVERY KIT;;1000000980
1000000981;171302V2;Pump up kit;;1000000981
1000000982;1294601;Tailgate Seal Kit;;1000000982
1000000983;MK-560;Tow Bar Kit L200;;1000000983
1000000984;SS191HP ;Snorkel (Diesel version);;1000000984
1000000985;MK-559;Electric Lid in primer;;1000000985
1000000986;6000001114;Cargo Lashing Net;;1000000986
1000000987;RBU0537SSS;Internal ROPS L200;;1000000987
1000000988;RBU053PAD;ROPS Padding L200;;1000000988
1000000989;285750T;TOWING KIT LC250;;1000000989
1000000990;SET1378;WIRING KIT 7 PINS;;1000000990
1000000991;KIT-SUS-016;Suspension kit PRADO 250;;1000000991
1000000992;PZN52ID407;Rear Step Fortuner Tow Bar;;1000000992
1000000993;814412;Awning, black alu;;1000000993
1000000994;NHBGT370LB;BEHIND GRILL LIGHT KIT;;1000000994
1000000995;CANDEC;ARB CAN CONNECT MODULE;;1000000995
1000000996;6000001114;Cargo lashing net;;1000000996
1000000997;MK-559;Electric Lid;;1000000997
1000000998;RBU0537SSS;Roll cage L200;;1000000998
1000000999;RBU053PAD;Roll cage padding L200;;1000000999
1000001000;FD4190;Mobile Laboratory;;1000001000
1000001001;FUG-TY244-M;HD Seat Covers LC76;;1000001001
1000001002;SS191HP;Snorkel (Diesel Version);;1000001002
1000001003;1294601;Tailgate seal kit;;1000001003
1000001004;MK-560;Tow Bar Kit;;1000001004
1000001005;N4-BLAV44A;Engine Skid Plate LC70;;1000001005
1000001006;N4-BLBT21A;Transfer&Gear Skid Plate LC70;;1000001006
1000001007;N4-BLRE65B;Fuel tank Skid Plate LC70;;1000001007
1000001008;N4-BLAV68A;Engine Skid Plate Hilux;;1000001008
1000001009;N4-BLBT36B;Gearbox Skid Plate Hilux;;1000001009
1000001010;N4-BLBT67A;Transfer Skid Plate Hilux;;1000001010
1000001011;N4-BLRE12B;Fuel tank Skid Plate Hilux;;1000001011
1000001012;N4-BLRE8B;OEM extra fuel tankSkid Plate LC78+9SC;;1000001012
1000001013;N4-BLAV111A;Engine Skid Plate LC250;;1000001013
1000001014;N4-BLBT107A;Transfer&Gear Skid Plate LC250;;1000001014
1000001015;N4-BLRE75B;Fuel tank Skid Plate LC250;;1000001015
1000001016;N4-BLAV107A;Engine Skid Plate LC300;;1000001016
1000001017;N4-BLBT102A;Transfer&Gearbox Skid Plate LC300;;1000001017
1000001018;N4-BLRE73B;Fuel tank Skid Plate LC300;;1000001018
1000001019;N4-BLRE74B;OEM extra fuel tank Skid Plate LC300;;1000001019
1000001020;HILXGD6MY24NBP;Nuge Bar Hilux;;1000001020
1000001021;HILXGD6MY24FNBB;Nuge Bar Hilux;;1000001021
1000001022;MLAHIL-GD6BFSB ;Sport Bar Hilux;;1000001022
1000001023;LC70BSB;Sport Bar LC79;;1000001023
1000001024;FKGD6DCXCRUNBMK;Side Step Hilux DC;;1000001024
1000001025;FKGD6SCRUNBMK;Side Step Hilux SC;;1000001025
1000001026;HILGD6DCRCV1B;Roll Cover Hilux DC;;1000001026
1000001027;PZQ8589480;Illuminated Flag & Pole;;1000001027
1000001028;KTY28590-1AX;Clutch & Flywheel Kit;;1000001028
1000001029;4414690;ARB SIDE STEP HILUX DC;;1000001029
1000001030;4414700;ARB FRONT SIDE RAIL HILUX DC;;1000001030
1000001031;4414710;ARB SIDE STEP RETURN HILUX DC;;1000001031
1000001032;MTC450-ROLL-B;ROLL BAR FOR ROLL COVER;;1000001032
1000001033;HI15FK;SIDE FLOOR KIT ROLLER DRAWER;;1000001033
1000001034;HI15EXF;FLOOR EXTENSION ROLLER DRAWER;;1000001034
1000001035;RD1355;ARB ROLLER DRAWER;;1000001035
1000001036;5714010;PROTECTION RAIL REAR BUMPER;;1000001036
1000001037;1770070;BASE RACK;;1000001037
1000001038;17914050;BASE RACK VEHICLE MOUNT;;1000001038
1000001039;WACRF1369S1R;Alloy Wheel Kahn G22;;1000001039
1000001040;5612010;Rear Bumper LC76;;1000001040
1000001041;SS191HF;SNORKEL PRADO 250;;1000001041
1000001042;TZ-024;EXTENDED FENDER FLARES;;1000001042
1000001043;10500095;Portable jump starter 12V;;1000001043
1000001044;2012031459;HOSE DN12 12L M18x1.5;;1000001044
1000001045;2090MRC406140B12;rims9x20 Alu Black Rhino Gloss;;1000001045
1000001046;603003114;COUPLING 12L M14x1.5;;1000001046
1000001047;DICAV;DOUBLE FUEL FILTER;;1000001047
1000001048;F175956;Speedlimiter EFA4 kit 24V mech;;1000001048
1000001049;FD0081;Stabilizer Kit Suspension ARB;;1000001049
1000001050;LATP003;Ladder LC250;;1000001050
1000001051;MTC450-OE;Adapter for Roll Bar;;1000001051
1000001052;NAC11N;40AMP HARNESS INCL. SWITCHES;;1000001052
1000001053;PM411;QUATRO SPOT FLOOD BEAM PAIR;;1000001053
1000001054;SS190HF;SNORKEL PRADO 150;;1000001054
1000001055;TLKR T92;Motorola Talkie Walkie T92;;1000001055
1000001056;X21C9;LT285/55-20 BFGOODRICH A/T KO2;;1000001056
1000001057;DBA-DBADC1001;REAR BRAKE KIT HILUX;;1000001057
1000001058;DBA-2716X;FRONT BRAKE KIT HILUX;;1000001058
1000001059;TOYCOASTER;REFLECTIVE STRIPING KIT;;1000001059
1000001060;TOYHZJ78;REFLECTIVE STRIPING KIT;;1000001060
1000001061;TOYHZJ79SC;REFLECTIVE STRIPING KIT;;1000001061
1000001062;TOYHZJ79DC;REFLECTIVE STRIPING KIT;;1000001062
1000001063;TOYHLXSC;REFLECTIVE STRIPING KIT;;1000001063
1000001064;TOYHLXDC;REFLECTIVE STRIPING KIT;;1000001064
1000001065;TOYFORT;REFLECTIVE STRIPING KIT;;1000001065
1000001066;MITSUL200;REFLECTIVE STRIPING KIT;;1000001066
1000001067;TOYHIACE;REFLECTIVE STRIPING KIT;;1000001067
1000001068;PW02200068;WARNING TRIANGLE;;1000001068
1000001069;FD4075;BATTERY ISOLATION SWITCH LC70;;1000001069
1000001070;TP13HZJ79DC ;ELECTRIC OUTPUT 13 PIN 79DC;;1000001070
1000001071;TP13HIL;ELECTRIC OUTPUT 13 PIN HILUX;;1000001071
1000001072;TP13HZJ79SC;ELECTRIC OUTPUT 13 PIN 79SC;;1000001072
1000001073;TP13HZJ78;ELECTRIC OUTPUT 13 PIN 78;;1000001073
1000001074;MK4RUNBBLKSC;RUNNING BOARD;;1000001074
1000001075;MK4RUNBBLKDC;RUNNING BOARD;;1000001075
1000001076;MITTRI25BSNB;MIT NUDGE BAR;;1000001076
1000001077;MITTRI25DCBSRB;MIT SPORTS BAR;;1000001077
1000001078;ALGACC00000000010;COASTER ROOF RACK;;1000001078
1000001079;ALGACC00000000008;COASTER LADDER;;1000001079
1000001080;AFL;SWITCH;;1000001080
1000001081;8414047130;SWITCH ASSY;;1000001081
1000001082;773411;BUS DOOR OPENER;;1000001082
1000001083;L21HAP;EXTRA LARGE BEACON;;1000001083
1000001084;SCAS01223;BIRD DISPERSAL SYSTEM;;1000001084
1000001085;622 406;SUPPORT FOR WHEELCHOCKS;;
